CityWatchdogSettings	ProxyBinding	AddMoneyKeyboardBinding		7
CityWatchdogSettings	bool	AutomaticAddMoney		9
CityWatchdogSettings	int	AutomaticAddMoneyAmount		11
CityWatchdogSettings	int	AutomaticAddMoneyThreshold		10
CityWatchdogSettings	bool	BuildingAbandonedCollapsedNotification		45
CityWatchdogSettings	bool	BuildingAbandonedNotification		46
CityWatchdogSettings	bool	BuildingCondemnedNotification		47
CityWatchdogSettings	bool	BuildingHighRentNotification		49
CityWatchdogSettings	bool	BuildingTurnedOffNotification		48
CityWatchdogSettings	bool	CompanyNoCustomersNotification		60
CityWatchdogSettings	bool	CompanyNoInputsNotification		59
CityWatchdogSettings	bool	ConfirmUnlimitedMoneySaveConversion		22
CityWatchdogSettings	bool	CustomMilestone		20
CityWatchdogSettings	bool	DisableCwdTooltips		19
CityWatchdogSettings	bool	DisasterDestroyedNotification		67
CityWatchdogSettings	bool	DisasterWaterDamageNotification		65
CityWatchdogSettings	bool	DisasterWaterDestroyedNotification		66
CityWatchdogSettings	bool	DisasterWeatherDamageNotification		63
CityWatchdogSettings	bool	DisasterWeatherDestroyedNotification		64
CityWatchdogSettings	bool	ElectricityBatteryEmptyNotification		32
CityWatchdogSettings	bool	ElectricityBottleneckNotification		27
CityWatchdogSettings	bool	ElectricityBuildingBottleneckNotification		28
CityWatchdogSettings	bool	ElectricityElectricityNotification		26
CityWatchdogSettings	bool	ElectricityHighVoltageNotConnected		34
CityWatchdogSettings	bool	ElectricityLowVoltageNotConnected		33
CityWatchdogSettings	bool	ElectricityNotEnoughConnectedNotification		31
CityWatchdogSettings	bool	ElectricityNotEnoughProductionNotification		29
CityWatchdogSettings	bool	ElectricityTransformerNotification		30
CityWatchdogSettings	bool	FireBurnedDownNotification		69
CityWatchdogSettings	bool	FireFireNotification		68
CityWatchdogSettings	bool	GarbageFacilityFullNotification		71
CityWatchdogSettings	bool	GarbageGarbageNotification		70
CityWatchdogSettings	bool	HealthcareAmbulanceNotification		72
CityWatchdogSettings	bool	HealthcareFacilityFullNotification		74
CityWatchdogSettings	bool	HealthcareHearseNotification		73
CityWatchdogSettings	bool	HideRoadNames		16
CityWatchdogSettings	int	InitialMoney		12
CityWatchdogSettings	int	ManualMoneyAmount		6
CityWatchdogSettings	int	MilestoneLevel		21
CityWatchdogSettings	int	MoneyTooltipFontScale		4
CityWatchdogSettings	int	MoneyTooltipMode		3
CityWatchdogSettings	bool	MoneyView		1
CityWatchdogSettings	int	MoneyViewMode		2
CityWatchdogSettings	NotificationSetting	Notification	TRUE	24
CityWatchdogSettings	class	NotificationSetting	TRUE	25
CityWatchdogSettings	bool	PoliceCrimeSceneNotification		76
CityWatchdogSettings	bool	PoliceTrafficAccidentNotification		75
CityWatchdogSettings	bool	PollutionAirPollutionNotification		77
CityWatchdogSettings	bool	PollutionGroundPollutionNotification		79
CityWatchdogSettings	bool	PollutionNoisePollutionNotification		78
CityWatchdogSettings	int	PopulationTooltipFontScale		5
CityWatchdogSettings	bool	ResourceConnectionFishingPierNotConnectedNotification		84
CityWatchdogSettings	bool	ResourceConnectionOilPipeNotConnectedNotification		83
CityWatchdogSettings	bool	ResourceConnectionWarningNotification		82
CityWatchdogSettings	bool	ResourceConsumerNoFuelNotification		81
CityWatchdogSettings	bool	ResourceConsumerNoResourceNotification		80
CityWatchdogSettings	bool	RouteGateBypassNotification		86
CityWatchdogSettings	bool	RoutePathfindNotification		85
CityWatchdogSettings	bool	ShowRoadArrows		17
CityWatchdogSettings	bool	ShowUsage		23
CityWatchdogSettings	ProxyBinding	SubtractMoneyKeyboardBinding		8
CityWatchdogSettings	ProxyBinding	ToggleAllTooltipsKeyboardBinding		18
CityWatchdogSettings	ProxyBinding	ToggleNotificationPanelKeyboardBinding		14
CityWatchdogSettings	ProxyBinding	ToggleNotificationsKeyboardBinding		13
CityWatchdogSettings	ProxyBinding	ToggleRoadNamesKeyboardBinding		15
CityWatchdogSettings	bool	TrafficBicycleConnectionNotification		58
CityWatchdogSettings	bool	TrafficBottleneckNotification		50
CityWatchdogSettings	bool	TrafficCarConnectionNotification		54
CityWatchdogSettings	bool	TrafficDeadEndNotification		51
CityWatchdogSettings	bool	TrafficPedestrianConnectionNotification		57
CityWatchdogSettings	bool	TrafficRoadConnectionNotification		52
CityWatchdogSettings	bool	TrafficShipConnectionNotification		55
CityWatchdogSettings	bool	TrafficTrackConnectionNotification		53
CityWatchdogSettings	bool	TrafficTrainConnectionNotification		56
CityWatchdogSettings	bool	TransportLineVehicleNotification		87
CityWatchdogSettings	bool	WaterPipeDirtyWaterNotification		36
CityWatchdogSettings	bool	WaterPipeDirtyWaterPumpNotification		44
CityWatchdogSettings	bool	WaterPipeNotEnoughGroundwaterNotification		42
CityWatchdogSettings	bool	WaterPipeNotEnoughSewageCapacityNotification		41
CityWatchdogSettings	bool	WaterPipeNotEnoughSurfaceWaterNotification		43
CityWatchdogSettings	bool	WaterPipeNotEnoughWaterCapacityNotification		40
CityWatchdogSettings	bool	WaterPipeSewageNotification		37
CityWatchdogSettings	bool	WaterPipeSewagePipeNotConnectedNotification		39
CityWatchdogSettings	bool	WaterPipeWaterNotification		35
CityWatchdogSettings	bool	WaterPipeWaterPipeNotConnectedNotification		38
CityWatchdogSettings	bool	WorkProviderEducatedNotification		62
CityWatchdogSettings	bool	WorkProviderUneducatedNotification		61
RealisticTripsSettings	float	average_commute		2
RealisticTripsSettings	int	avg_time_beverages		53
RealisticTripsSettings	int	avg_time_chemicals		54
RealisticTripsSettings	int	avg_time_convenienceFood		55
RealisticTripsSettings	int	avg_time_electronics		56
RealisticTripsSettings	int	avg_time_entertainment		70
RealisticTripsSettings	int	avg_time_financial		58
RealisticTripsSettings	int	avg_time_food		59
RealisticTripsSettings	int	avg_time_furniture		60
RealisticTripsSettings	int	avg_time_meals		61
RealisticTripsSettings	int	avg_time_media		62
RealisticTripsSettings	int	avg_time_paper		63
RealisticTripsSettings	int	avg_time_petrochemicals		64
RealisticTripsSettings	int	avg_time_pharmaceuticals		65
RealisticTripsSettings	int	avg_time_plastics		66
RealisticTripsSettings	int	avg_time_prison		82
RealisticTripsSettings	int	avg_time_recreation		69
RealisticTripsSettings	int	avg_time_software		57
RealisticTripsSettings	int	avg_time_telecom		67
RealisticTripsSettings	int	avg_time_textiles		68
RealisticTripsSettings	int	avg_time_vehicles		71
RealisticTripsSettings	float	avg_work_hours_ft_wd		107
RealisticTripsSettings	float	avg_work_hours_ft_we		108
RealisticTripsSettings	float	avg_work_hours_pt_wd		110
RealisticTripsSettings	float	avg_work_hours_pt_we		111
RealisticTripsSettings	bool	better_trucks		132
RealisticTripsSettings	int	cityServices_avgday_pct		129
RealisticTripsSettings	int	cityServices_sat_pct		130
RealisticTripsSettings	int	cityServices_sun_pct		131
RealisticTripsSettings	int	cityServices_weekday_pct		128
RealisticTripsSettings	int	commercial_avgday_pct		121
RealisticTripsSettings	int	commercial_sat_pct		122
RealisticTripsSettings	int	commercial_sun_pct		123
RealisticTripsSettings	int	commercial_weekday_pct		120
RealisticTripsSettings	float	commute_top10per		3
RealisticTripsSettings	bool	commuter_trips		134
RealisticTripsSettings	DateFormatEnum	date_format		115
RealisticTripsSettings	int	daysPerMonth		114
RealisticTripsSettings	float	delay_factor		10
RealisticTripsSettings	bool	disable_early_shop_leisure		14
RealisticTripsSettings	DTSimulationEnum	dt_simulation		112
RealisticTripsSettings	float	entertainment_avgday		23
RealisticTripsSettings	float	entertainment_saturday		24
RealisticTripsSettings	float	entertainment_sunday		25
RealisticTripsSettings	float	entertainment_weekday		22
RealisticTripsSettings	int	evening_share		4
RealisticTripsSettings	timeEnum	high_school_end_time		90
RealisticTripsSettings	timeEnum	high_school_start_time		89
RealisticTripsSettings	float	holidays_per_year		16
RealisticTripsSettings	int	hospital_inpatient_average_hours		78
RealisticTripsSettings	int	hospital_inpatient_maximum_hours		81
RealisticTripsSettings	int	hospital_inpatient_minimum_hours		80
RealisticTripsSettings	int	hospital_inpatient_stddev_hours		79
RealisticTripsSettings	int	hospital_short_stay_average_hours		74
RealisticTripsSettings	int	hospital_short_stay_maximum_hours		77
RealisticTripsSettings	int	hospital_short_stay_minimum_hours		76
RealisticTripsSettings	int	hospital_short_stay_stddev_hours		75
RealisticTripsSettings	bool	hospital_stay_duration_enabled		72
RealisticTripsSettings	int	hospital_stay_inpatient_chance_pct		73
RealisticTripsSettings	int	household_cooldown_groceries_pct		38
RealisticTripsSettings	int	household_cooldown_health_fuel_pct		39
RealisticTripsSettings	int	household_cooldown_household_goods_pct		40
RealisticTripsSettings	float	household_cooldown_large_purchase_hours		44
RealisticTripsSettings	int	household_cooldown_large_purchases_pct		41
RealisticTripsSettings	int	household_cooldown_other_pct		42
RealisticTripsSettings	float	household_cooldown_regular_hours		43
RealisticTripsSettings	bool	household_shopping_cooldown_enabled		37
RealisticTripsSettings	int	industry_avgday_pct		125
RealisticTripsSettings	int	industry_sat_pct		126
RealisticTripsSettings	int	industry_sun_pct		127
RealisticTripsSettings	int	industry_weekday_pct		124
RealisticTripsSettings	int	lunch_break_percentage		12
RealisticTripsSettings	int	max_event_avg_day		145
RealisticTripsSettings	int	max_event_weekday		144
RealisticTripsSettings	int	max_event_weekend		146
RealisticTripsSettings	float	meals_avgday		19
RealisticTripsSettings	float	meals_saturday		20
RealisticTripsSettings	float	meals_sunday		21
RealisticTripsSettings	float	meals_weekday		18
RealisticTripsSettings	int	min_attraction		140
RealisticTripsSettings	int	min_event_avg_day		142
RealisticTripsSettings	int	min_event_weekday		141
RealisticTripsSettings	int	min_event_weekend		143
RealisticTripsSettings	int	new_years_num_events		147
RealisticTripsSettings	int	night_share		9
RealisticTripsSettings	int	nonday_cityservices_share		8
RealisticTripsSettings	int	nonday_commercial_share		6
RealisticTripsSettings	int	nonday_industry_share		7
RealisticTripsSettings	int	nonday_office_share		5
RealisticTripsSettings	int	office_avgday_pct		117
RealisticTripsSettings	int	office_sat_pct		118
RealisticTripsSettings	int	office_sun_pct		119
RealisticTripsSettings	int	office_weekday_pct		116
RealisticTripsSettings	float	park_avgday		46
RealisticTripsSettings	float	park_saturday		47
RealisticTripsSettings	float	park_sunday		48
RealisticTripsSettings	float	park_weekday		45
RealisticTripsSettings	int	part_time_percentage		109
RealisticTripsSettings	bool	peak_spread		11
RealisticTripsSettings	int	remote_percentage		13
RealisticTripsSettings	int	resourceConsumption		137
RealisticTripsSettings	timeEnum	school_end_time		88
RealisticTripsSettings	int	school_lv1_avgday_pct		94
RealisticTripsSettings	int	school_lv1_saturday_pct		95
RealisticTripsSettings	int	school_lv1_sunday_pct		96
RealisticTripsSettings	int	school_lv1_weekday_pct		93
RealisticTripsSettings	int	school_lv2_avgday_pct		98
RealisticTripsSettings	int	school_lv2_saturday_pct		99
RealisticTripsSettings	int	school_lv2_sunday_pct		100
RealisticTripsSettings	int	school_lv2_weekday_pct		97
RealisticTripsSettings	int	school_lv34_avgday_pct		102
RealisticTripsSettings	int	school_lv34_saturday_pct		103
RealisticTripsSettings	int	school_lv34_sunday_pct		104
RealisticTripsSettings	int	school_lv34_weekday_pct		101
RealisticTripsSettings	timeEnum	school_start_time		87
RealisticTripsSettings	months	school_vacation_month1		85
RealisticTripsSettings	months	school_vacation_month2		86
RealisticTripsSettings	float	school_vacation_per_year		84
RealisticTripsSettings	int	service_expenses_night_reduction		135
RealisticTripsSettings	SettingsEnum	settings_choice		1
RealisticTripsSettings	float	shopping_avgday		27
RealisticTripsSettings	int	shopping_gate_consumer_goods_pct		35
RealisticTripsSettings	int	shopping_gate_groceries_pct		32
RealisticTripsSettings	int	shopping_gate_health_fuel_pct		33
RealisticTripsSettings	int	shopping_gate_household_goods_pct		34
RealisticTripsSettings	int	shopping_gate_large_purchases_pct		36
RealisticTripsSettings	int	shopping_gate_meals_pct		31
RealisticTripsSettings	bool	shopping_log_enabled		138
RealisticTripsSettings	float	shopping_saturday		28
RealisticTripsSettings	float	shopping_sunday		29
RealisticTripsSettings	bool	shopping_trip_gates_enabled		30
RealisticTripsSettings	float	shopping_weekday		26
RealisticTripsSettings	float	slow_time_factor		113
RealisticTripsSettings	bool	tourism_trips		133
RealisticTripsSettings	int	trafficReduction		136
RealisticTripsSettings	float	travel_avgday		50
RealisticTripsSettings	float	travel_saturday		51
RealisticTripsSettings	float	travel_sunday		52
RealisticTripsSettings	float	travel_weekday		49
RealisticTripsSettings	timeEnum	univ_end_time		92
RealisticTripsSettings	timeEnum	univ_start_time		91
RealisticTripsSettings	bool	use_school_vanilla_timeoff		83
RealisticTripsSettings	bool	use_universal_mod_menu		139
RealisticTripsSettings	bool	use_vanilla_timeoff		15
RealisticTripsSettings	float	vacation_per_year		17
RealisticTripsSettings	timeEnum	work_end_time		106
RealisticTripsSettings	timeEnum	work_start_time		105
